﻿<?xml version="1.0" encoding="utf-8"?>
<Elements xmlns="http://schemas.microsoft.com/sharepoint/">
  <Module Name="MasterPages" Url="_catalogs/masterpage" Path="Tendance" RootWebOnly="TRUE">
    <File Url="Tendance.master" Type="GhostableInLibrary" IgnoreIfAlreadyExists="TRUE">
      <Property Name="ContentType" Value="$Resources:cmscore,contenttype_masterpage_name;" />
      <Property Name="Title" Value="$Title$" />
      <Property Name="PublishingPreviewImage" Value="$PublishingPreviewImage$" />
      <Property Name="MasterPageDescription" Value="Tendance Master Page (from http://www.topsharepoint.com/tendance-free-sharepoint-2010-theme)" />
    </File>
  </Module>
</Elements>
