﻿<?xml version="1.0" encoding="utf-8"?>
<Elements xmlns="http://schemas.microsoft.com/sharepoint/">
  <Module Name="MasterPages" Url="_catalogs/masterpage" Path="HTML5MasterPage" RootWebOnly="TRUE">
    <File Url="HTML5MasterPage.master" Type="GhostableInLibrary" IgnoreIfAlreadyExists="TRUE">
      <!--<Property Name="ContentType" Value="$Resources:cmscore,contenttype_masterpage_name;" />-->
      <Property Name="Title" Value="v5 MasterPage" />
      <!--<Property Name="PublishingPreviewImage" Value="$PublishingPreviewImage$" />-->
      <Property Name="MasterPageDescription" Value="SharePoint Foundation-compatible version of the v5 Master Page (http://kyleschaeffer.com/sharepoint/v5-responsive-html5-master-page/)" />
      <Property Name="UIVersion" Value="4" />
    </File>
  </Module>
</Elements>
